<?xml version="1.0" encoding="utf-8" ?>
<Patch>
	<Operation Class="PatchOperationAdd">
	  <xpath>Defs/ThingDef[defName="MeleeWeapon_BreachAxe"
				or defName="MeleeWeapon_Mace"
				or defName="MeleeWeapon_Gladius"
				or defName="MeleeWeapon_LongSword"
				or defName="MeleeWeapon_Club"
				or defName="MeleeWeapon_Knife"
				or defName="MeleeWeapon_Ikwa"
				or defName="MeleeWeapon_Spear"
				or defName="MeleeWeapon_Axe"
				or defName="MeleeWeapon_Warhammer"]/stuffCategories</xpath>
		<value>
			<li>PRPlastic</li>
	  	</value>
	</Operation>
</Patch>