<?xml version="1.0" encoding="utf-8" ?>
<Patch>
	<Operation Class="PatchOperationAdd">
	  <xpath>Defs/ThingDef[@Name="TableBase"
			  or defName="Bed"
			  or defName="DoubleBed"
			  or defName="RoyalBed"
			  or defName="AnimalSleepingBox"
			  or defName="Stool"
			  or defName="DiningChair"
			  or defName="PlantPot"
			  or defName="Shelf"
			  or defName="Dresser"
			  or defName="Throne"
			  or defName="PlantPot_Bonsai"]/stuffCategories</xpath>
		<value>
			<li>PRPlastic</li>
	  	</value>
	</Operation>
</Patch>