<?xml version="1.0" encoding="utf-8" ?>
<Patch>
	<Operation Class="PatchOperationInsert">
	  <xpath>*/ThingDef[defName = "SimpleResearchBench"]/stuffCategories/li</xpath>
		<value>
			<li>PRPlastic</li>
	  	</value>
	</Operation>
	
	<Operation Class="PatchOperationInsert">
	  <xpath>*/ThingDef[defName = "TableSculpting"]/stuffCategories/li</xpath>
		<value>
			<li>PRPlastic</li>
	  	</value>
	</Operation>
	
	<Operation Class="PatchOperationInsert">
	  <xpath>*/ThingDef[defName = "TableButcher"]/stuffCategories/li</xpath>
		<value>
			<li>PRPlastic</li>
	  	</value>
	</Operation>
	
	<Operation Class="PatchOperationInsert">
	  <xpath>*/ThingDef[defName = "HandTailoringBench"]/stuffCategories/li</xpath>
		<value>
			<li>PRPlastic</li>
	  	</value>
	</Operation>

	<Operation Class="PatchOperationInsert">
	  <xpath>*/ThingDef[defName = "ElectricTailoringBench"]/stuffCategories/li</xpath>
		<value>
			<li>PRPlastic</li>
	  	</value>
	</Operation>

	<Operation Class="PatchOperationInsert">
	  <xpath>*/ThingDef[defName = "TableStonecutter"]/stuffCategories/li</xpath>
		<value>
			<li>PRPlastic</li>
	  	</value>
	</Operation>

	<Operation Class="PatchOperationInsert">
	  <xpath>*/ThingDef[defName = "DrugLab"]/stuffCategories/li</xpath>
		<value>
			<li>PRPlastic</li>
	  	</value>
	</Operation>
</Patch>