<?xml version="1.0" encoding="utf-8" ?>
<Patch>
	<Operation Class="PatchOperationInsert">
	  <xpath>*/ThingDef[defName = "Sarcophagus"]/stuffCategories/li</xpath>
		<value>
			<li>PRPlastic</li>
	  	</value>
	</Operation>

	<Operation Class="PatchOperationInsert">
	  <xpath>*/ThingDef[defName = "EggBox"]/stuffCategories/li</xpath>
		<value>
			<li>PRPlastic</li>
	  	</value>
	</Operation>

	<Operation Class="PatchOperationInsert">
	  <xpath>*/ThingDef[defName = "Skullspike"]/stuffCategories/li</xpath>
		<value>
			<li>PRPlastic</li>
	  	</value>
	</Operation>

	<Operation Class="PatchOperationInsert">
	  <xpath>*/ThingDef[defName = "PenMarker"]/stuffCategories/li</xpath>
		<value>
			<li>PRPlastic</li>
	  	</value>
	</Operation>

	<Operation Class="PatchOperationInsert">
	  <xpath>*/ThingDef[defName = "Lectern"]/stuffCategories/li</xpath>
		<value>
			<li>PRPlastic</li>
	  	</value>
	</Operation>

	<Operation Class="PatchOperationInsert">
	  <xpath>*/ThingDef[defName = "StylingStation"]/stuffCategories/li</xpath>
		<value>
			<li>PRPlastic</li>
	  	</value>
	</Operation>

	<Operation Class="PatchOperationInsert">
	  <xpath>*/ThingDef[@Name="AltarBase"]/stuffCategories/li</xpath>
		<value>
			<li>PRPlastic</li>
	  	</value>
	</Operation>
</Patch>