<?xml version="1.0" encoding="utf-8" ?>
<Patch>
	<Operation Class="PatchOperationInsert">
	  <xpath>*/ThingDef[defName = "HorseshoesPin"]/stuffCategories/li</xpath>
		<value>
			<li>PRPlastic</li>
	  	</value>
	</Operation>

	<Operation Class="PatchOperationInsert">
	  <xpath>*/ThingDef[defName = "HoopstoneRing"]/stuffCategories/li</xpath>
		<value>
			<li>PRPlastic</li>
	  	</value>
	</Operation>

	<Operation Class="PatchOperationInsert">
	  <xpath>*/ThingDef[defName = "GameOfUrBoard"]/stuffCategories/li</xpath>
		<value>
			<li>PRPlastic</li>
	  	</value>
	</Operation>

	<Operation Class="PatchOperationInsert">
	  <xpath>*/ThingDef[defName = "ChessTable"]/stuffCategories/li</xpath>
		<value>
			<li>PRPlastic</li>
	  	</value>
	</Operation>

	<Operation Class="PatchOperationInsert">
	  <xpath>*/ThingDef[defName = "PokerTable"]/stuffCategories/li</xpath>
		<value>
			<li>PRPlastic</li>
	  	</value>
	</Operation>
	
	<Operation Class="PatchOperationInsert">
	  <xpath>*/ThingDef[defName = "BilliardsTable"]/stuffCategories/li</xpath>
		<value>
			<li>PRPlastic</li>
	  	</value>
	</Operation>
</Patch>