<?xml version="1.0" encoding="utf-8" ?>
<Patch>
	<Operation Class="PatchOperationInsert">
	  <xpath>*/ThingDef[@Name="TableBase"]/stuffCategories/li</xpath>
		<value>
			<li>MAC_Plastic</li>
	  	</value>
	</Operation>

	<Operation Class="PatchOperationInsert">
	  <xpath>*/ThingDef[defName = "Bed"]/stuffCategories/li</xpath>
		<value>
			<li>MAC_Plastic</li>
	  	</value>
	</Operation>

	<Operation Class="PatchOperationInsert">
	  <xpath>*/ThingDef[defName = "DoubleBed"]/stuffCategories/li</xpath>
		<value>
			<li>MAC_Plastic</li>
	  	</value>
	</Operation>

	<Operation Class="PatchOperationInsert">
	  <xpath>*/ThingDef[defName = "RoyalBed"]/stuffCategories/li</xpath>
		<value>
			<li>MAC_Plastic</li>
	  	</value>
	</Operation>

	<Operation Class="PatchOperationInsert">
	  <xpath>*/ThingDef[defName = "AnimalSleepingBox"]/stuffCategories/li</xpath>
		<value>
			<li>MAC_Plastic</li>
	  	</value>
	</Operation>

	<Operation Class="PatchOperationInsert">
	  <xpath>*/ThingDef[defName = "Stool"]/stuffCategories/li</xpath>
		<value>
			<li>MAC_Plastic</li>
	  	</value>
	</Operation>

	<Operation Class="PatchOperationInsert">
	  <xpath>*/ThingDef[defName = "DiningChair"]/stuffCategories/li</xpath>
		<value>
			<li>MAC_Plastic</li>
	  	</value>
	</Operation>

	<Operation Class="PatchOperationInsert">
	  <xpath>*/ThingDef[defName = "PlantPot"]/stuffCategories/li</xpath>
		<value>
			<li>MAC_Plastic</li>
	  	</value>
	</Operation>

	<Operation Class="PatchOperationInsert">
	  <xpath>*/ThingDef[defName = "Shelf"]/stuffCategories/li</xpath>
		<value>
			<li>MAC_Plastic</li>
	  	</value>
	</Operation>

	<Operation Class="PatchOperationInsert">
	  <xpath>*/ThingDef[defName = "Dresser"]/stuffCategories/li</xpath>
		<value>
			<li>MAC_Plastic</li>
	  	</value>
	</Operation>
</Patch>