<?xml version="1.0" encoding="utf-8" ?>
<Patch>
	<Operation Class="PatchOperationFindMod">
		<mods>
			<li>Dubs Bad Hygiene</li>
		</mods>
		<match Class="PatchOperationSequence">
			<operations>

<!-- ==========  recreation buildings addins =========== -->

			<li Class="PatchOperationInsert">
		        <xpath>*/ThingDef[defName = "DBHSwimmingPool"]/stuffCategories/li</xpath>
				<value>
					<li>PRPlastic</li>
			  	</value>
			</li>

			<li Class="PatchOperationInsert">
		        <xpath>*/ThingDef[defName = "HotTub"]/stuffCategories/li</xpath>
				<value>
					<li>PRPlastic</li>
			  	</value>
			</li>

			<li Class="PatchOperationInsert">
		        <xpath>*/ThingDef[defName = "DBHSaunaSeating"]/stuffCategories/li</xpath>
				<value>
					<li>PRPlastic</li>
			  	</value>
			</li>

<!-- ==========  hygiene buildings addins =========== -->

			<li Class="PatchOperationInsert">
		        <xpath>*/ThingDef[defName = "sewagePipeStuff"]/stuffCategories/li</xpath>
				<value>
					<li>PRPlastic</li>
			  	</value>
			</li>

			<li Class="PatchOperationInsert">
		        <xpath>*/ThingDef[defName = "ToiletStallDoor"]/stuffCategories/li</xpath>
				<value>
					<li>PRPlastic</li>
			  	</value>
			</li>

			<li Class="PatchOperationInsert">
		        <xpath>*/ThingDef[defName = "PitLatrine"]/stuffCategories/li</xpath>
				<value>
					<li>PRPlastic</li>
			  	</value>
			</li>

			<li Class="PatchOperationInsert">
		        <xpath>*/ThingDef[defName = "PrimitiveWell"]/stuffCategories/li</xpath>
				<value>
					<li>PRPlastic</li>
			  	</value>
			</li>

			<li Class="PatchOperationInsert">
		        <xpath>*/ThingDef[defName = "WashBucket"]/stuffCategories/li</xpath>
				<value>
					<li>PRPlastic</li>
			  	</value>
			</li>

			<li Class="PatchOperationInsert">
		        <xpath>*/ThingDef[defName = "LitterBox"]/stuffCategories/li</xpath>
				<value>
					<li>PRPlastic</li>
			  	</value>
			</li>

			<li Class="PatchOperationInsert">
		        <xpath>*/ThingDef[defName = "BasinStuff"]/stuffCategories/li</xpath>
				<value>
					<li>PRPlastic</li>
			  	</value>
			</li>

			<li Class="PatchOperationInsert">
		        <xpath>*/ThingDef[defName = "Fountain"]/stuffCategories/li</xpath>
				<value>
					<li>PRPlastic</li>
			  	</value>
			</li>

			<li Class="PatchOperationInsert">
		        <xpath>*/ThingDef[defName = "KitchenSink"]/stuffCategories/li</xpath>
				<value>
					<li>PRPlastic</li>
			  	</value>
			</li>

			<li Class="PatchOperationInsert">
		        <xpath>*/ThingDef[defName = "ToiletStuff"]/stuffCategories/li</xpath>
				<value>
					<li>PRPlastic</li>
			  	</value>
			</li>

			<li Class="PatchOperationInsert">
		        <xpath>*/ThingDef[defName = "ToiletAdvStuff"]/stuffCategories/li</xpath>
				<value>
					<li>PRPlastic</li>
			  	</value>
			</li>

			<li Class="PatchOperationInsert">
		        <xpath>*/ThingDef[defName = "BathtubStuff"]/stuffCategories/li</xpath>
				<value>
					<li>PRPlastic</li>
			  	</value>
			</li>

			<li Class="PatchOperationInsert">
		        <xpath>*/ThingDef[defName = "ShowerStuff"]/stuffCategories/li</xpath>
				<value>
					<li>PRPlastic</li>
			  	</value>
			</li>

			<li Class="PatchOperationInsert">
		        <xpath>*/ThingDef[defName = "ShowerAdvStuff"]/stuffCategories/li</xpath>
				<value>
					<li>PRPlastic</li>
			  	</value>
			</li>

			<li Class="PatchOperationInsert">
		        <xpath>*/ThingDef[defName = "WaterButt"]/stuffCategories/li</xpath>
				<value>
					<li>PRPlastic</li>
			  	</value>
			</li>

			<li Class="PatchOperationInsert">
		        <xpath>*/ThingDef[defName = "WaterTowerS"]/stuffCategories/li</xpath>
				<value>
					<li>PRPlastic</li>
			  	</value>
			</li>

			<li Class="PatchOperationInsert">
		        <xpath>*/ThingDef[defName = "WindPump"]/stuffCategories/li</xpath>
				<value>
					<li>PRPlastic</li>
			  	</value>
			</li>

			<li Class="PatchOperationInsert">
		        <xpath>*/ThingDef[defName = "SewageOutlet"]/stuffCategories/li</xpath>
				<value>
					<li>PRPlastic</li>
			  	</value>
			</li>

			<li Class="PatchOperationInsert">
		        <xpath>*/ThingDef[defName = "SewageSepticTank"]/stuffCategories/li</xpath>
				<value>
					<li>PRPlastic</li>
			  	</value>
			</li>

			</operations>
		</match>
	</Operation>
</Patch>