<?xml version="1.0" encoding="utf-8" ?>
<Patch>
	<Operation Class="PatchOperationInsert">
	  <xpath>*/ThingDef[@Name="DoorBase"]/stuffCategories/li</xpath>
		<value>
			<li>MAC_Plastic</li>
	  	</value>
	</Operation>

	<Operation Class="PatchOperationInsert">
	  <xpath>*/ThingDef[defName = "Wall"]/stuffCategories/li</xpath>
		<value>
			<li>MAC_Plastic</li>
	  	</value>
	</Operation>
	
	<Operation Class="PatchOperationInsert">
	  <xpath>*/ThingDef[defName = "Column"]/stuffCategories/li</xpath>
		<value>
			<li>MAC_Plastic</li>
	  	</value>
	</Operation>
</Patch>