<?xml version="1.0" encoding="utf-8" ?>
<Patch>
	<Operation Class="PatchOperationSequence">
		<success></success>
		 <operations>
			<li Class="CombatExtended.PatchOperationFindMod">
				<modName>Plastic Revolution</modName>
			</li>

			<!-- ==========  Plastic Vest =========== -->

			<li Class="PatchOperationAdd">
				<xpath>Defs/ThingDef[defName="MAC_Apparel_PlasticVest"]/statBases</xpath>
				<value>
					<Bulk>5</Bulk>
					<WornBulk>3</WornBulk>
				</value>
			</li>
			<li Class="PatchOperationReplace">
				<xpath>Defs/ThingDef[defName="MAC_Apparel_PlasticVest"]/statBases/ArmorRating_Sharp</xpath>
				<value>
					<ArmorRating_Sharp>4</ArmorRating_Sharp>
				</value>
			</li>
			<li Class="PatchOperationReplace">
				<xpath>Defs/ThingDef[defName="MAC_Apparel_PlasticVest"]/statBases/ArmorRating_Blunt</xpath>
				<value>
					<ArmorRating_Blunt>8</ArmorRating_Blunt>
				</value>
			</li>		

			<!-- ==========  Reinforced Plastic Vest =========== -->

			<li Class="PatchOperationAdd">
				<xpath>Defs/ThingDef[defName="MAC_Apparel_Rein_PlasticVest"]/statBases</xpath>
				<value>
					<Bulk>5</Bulk>
					<WornBulk>3</WornBulk>
				</value>
			</li>
			<li Class="PatchOperationReplace">
				<xpath>Defs/ThingDef[defName="MAC_Apparel_Rein_PlasticVest"]/statBases/ArmorRating_Sharp</xpath>
				<value>
					<ArmorRating_Sharp>14</ArmorRating_Sharp>
				</value>
			</li>
			<li Class="PatchOperationReplace">
				<xpath>Defs/ThingDef[defName="MAC_Apparel_Rein_PlasticVest"]/statBases/ArmorRating_Blunt</xpath>
				<value>
					<ArmorRating_Blunt>20</ArmorRating_Blunt>
				</value>
			</li>			
			<!-- ==========  Advanced Plastic Armor =========== -->

			<li Class="PatchOperationAdd">
				<xpath>Defs/ThingDef[defName="MAC_Apparel_Adv_PlasticArmor"]/statBases</xpath>
				<value>
					<Bulk>100</Bulk>
					<WornBulk>15</WornBulk>
				</value>
			</li>
			<li Class="PatchOperationReplace">
				<xpath>Defs/ThingDef[defName="MAC_Apparel_Adv_PlasticArmor"]/statBases/ArmorRating_Sharp</xpath>
				<value>
					<ArmorRating_Sharp>20</ArmorRating_Sharp>
				</value>
			</li>
			<li Class="PatchOperationReplace">
				<xpath>Defs/ThingDef[defName="MAC_Apparel_Adv_PlasticArmor"]/statBases/ArmorRating_Blunt</xpath>
				<value>
					<ArmorRating_Blunt>40</ArmorRating_Blunt>
				</value>
			</li>			

			<!-- ==========  Plastic Helmet =========== -->

			<li Class="PatchOperationReplace">
				<xpath>Defs/ThingDef[defName="MAC_Apparel_PlasticHelmet"]/statBases/ArmorRating_Sharp</xpath>
				<value>
					<ArmorRating_Sharp>2</ArmorRating_Sharp>
				</value>
			</li>
			<li Class="PatchOperationReplace">
			<xpath>Defs/ThingDef[defName="MAC_Apparel_PlasticHelmet"]/statBases/ArmorRating_Blunt</xpath>
				<value>
					<ArmorRating_Blunt>4</ArmorRating_Blunt>
				</value>
			</li>
			
			
			<!-- ==========  Reinforced Plastic Helmet =========== -->
			<li Class="PatchOperationAdd">
				<xpath>Defs/ThingDef[defName="MAC_Apparel_Rein_PlasticHelmet"]/statBases</xpath>
				<value>
					<Bulk>4</Bulk>
					<WornBulk>1</WornBulk>
				</value>
			</li>
			<li Class="PatchOperationReplace">
			<xpath>Defs/ThingDef[defName="MAC_Apparel_Rein_PlasticHelmet"]/statBases/ArmorRating_Sharp</xpath>
			<value>
					<ArmorRating_Sharp>5</ArmorRating_Sharp>
				</value>
			</li>
			<li Class="PatchOperationReplace">
			<xpath>Defs/ThingDef[defName="MAC_Apparel_Rein_PlasticHelmet"]/statBases/ArmorRating_Blunt</xpath>
				<value>
					<ArmorRating_Blunt>12</ArmorRating_Blunt>
				</value>
			</li>
			
			<!-- ==========  Advanced Plastic Full Helmet =========== -->

			<li Class="PatchOperationAdd">
				<xpath>Defs/ThingDef[defName="MAC_Apparel_Plastic_FullHelmet"]/statBases</xpath>
				<value>
					<Bulk>5</Bulk>
					<WornBulk>1</WornBulk>
				</value>
			</li>
			<li Class="PatchOperationReplace">
				<xpath>Defs/ThingDef[defName="MAC_Apparel_Plastic_FullHelmet"]/statBases/ArmorRating_Sharp</xpath>
				<value>
					<ArmorRating_Sharp>16</ArmorRating_Sharp>
				</value>
			</li>
			<li Class="PatchOperationReplace">
			<xpath>Defs/ThingDef[defName="MAC_Apparel_Plastic_FullHelmet"]/statBases/ArmorRating_Blunt</xpath>
				<value>
					<ArmorRating_Blunt>36</ArmorRating_Blunt>
				</value>
			</li>

<!-- ==========  steelar =========== -->

			<li Class="PatchOperationReplace">
			<xpath>Defs/ThingDef[defName="MAC_Ball_Synthread"]/statBases/StuffPower_Armor_Heat</xpath>
				<value>
					<StuffPower_Armor_Heat>0.5</StuffPower_Armor_Heat>
				</value>
			</li>

<!-- ==========  defenses addins =========== -->

			<li Class="PatchOperationInsert">
		        <xpath>*/ThingDef[defName = "Embrasure"]/stuffCategories/li</xpath>
				<value>
					<li>MAC_Plastic</li>
			  	</value>
			</li>

			</operations>
		</Operation>
</Patch>