<?xml version="1.0" encoding="utf-8"?>
<ModMetaData>
	<name>Plastic Revolution</name>
	<author>orbittwz</author>
	<url>https://github.com/orbittwz/PlasticRevolution</url>
  	<supportedVersions>
  		<li>1.4</li>
  		<li>1.5</li>
	</supportedVersions>
	<packageId>orbittwz.plasticrevolution</packageId>
	<description>-= Version 1.5 =-\n\nA RimWorld mod that introduce plastic as a material, which applied to many objects in the game.\nFrom buildings to items, if anything can be made from plastic, now it can!</description>
	<modDependencies>
		<li>
			<packageId>brrainz.harmony</packageId>
			<displayName>Harmony</displayName>
			<steamWorkshopUrl>steam://url/CommunityFilePage/2009463077</steamWorkshopUrl>
			<downloadUrl>https://github.com/pardeike/HarmonyRimWorld/releases/latest</downloadUrl>
		</li>
	</modDependencies>
	<loadAfter>
		<li>brrainz.harmony</li>
		<li>ludeon.rimworld</li>
		<li>ludeon.rimworld.royalty</li>
		<li>ludeon.rimworld.ideology</li>
		<li>unlimitedhugs.hugslib</li>
		<li>jecrell.jecstools</li>
		<li>ceteam.combatextended</li>
		<li>dubwise.dubsbadhygiene</li>
	</loadAfter>
</ModMetaData>