<?xml version="1.0" encoding="utf-8"?>
<ModMetaData>
	<name>Plastic Revolution</name>
	<author>orbittwz</author>
	<url>https://github.com/orbittwz/PlasticRevolution</url>
  	<supportedVersions>
  		<li>1.3</li>
	</supportedVersions>
	<packageId>orbittwz.plasticrevolution</packageId>
	<description>Version: 1.3.19\n\nA RimWorld mod that let's you craft different plastic materials, fabrics, armor, walls, furniture and more.</description>
	<modDependencies>
		<li>
			<packageId>brrainz.harmony</packageId>
			<displayName>Harmony</displayName>
			<steamWorkshopUrl>steam://url/CommunityFilePage/2009463077</steamWorkshopUrl>
			<downloadUrl>https://github.com/pardeike/HarmonyRimWorld/releases/latest</downloadUrl>
		</li>
	</modDependencies>
	<loadAfter>
		<li>brrainz.harmony</li>
		<li>ludeon.rimworld</li>
		<li>ludeon.rimworld.royalty</li>
		<li>ludeon.rimworld.ideology</li>
		<li>unlimitedhugs.hugslib</li>
		<li>jecrell.jecstools</li>
		<li>ceteam.combatextended</li>
		<li>dubwise.dubsbadhygiene</li>
	</loadAfter>
</ModMetaData>