<?xml version="1.0" encoding="UTF-8" standalone="yes"?>
<Manifest>
  <identifier>PlasticRevolution</identifier>
  <version>1.3.20</version>
  <loadAfter>
    <li>2009463077</li> <!-- brrainz.harmony -->
    <li>818773962</li> <!-- unlimitedhugs.hugslib -->
    <li>932008009</li> <!-- jecrell.jecstools -->
    <li>1631756268</li> <!-- ceteam.combatextended -->
    <li>836308268</li> <!-- dubwise.dubsbadhygiene -->
  </loadAfter>
  <downloadUri>https://github.com/orbittwz/PlasticRevolution</downloadUri>
</Manifest>
