<?xml version="1.0" encoding="utf-8" ?>
<Defs>

	<RecipeDef>
		<defName>Make_PRPlastic</defName>
		<label>produce plastic</label>
		<description>Via a chemical reaction produces plastic from rice, corn or potatoes.</description>
		<jobString>Producing Plastic.</jobString>
		<effectWorking>Cremate</effectWorking>
		<soundWorking>Recipe_Cremate</soundWorking>
		<workAmount>2500</workAmount>
		<recipeUsers>
			<li>PRPlastic_Production_Bench</li>
		</recipeUsers>
		<allowMixingIngredients>true</allowMixingIngredients>
		<ingredients>
			<li>
				<filter>
					<categories>
						<li>PlantFoodRaw</li>
					</categories>
					<disallowedThingDefs>
						<li>RawFungus</li>
						<li>RawAgave</li>
						<li>RawBerries</li>
					</disallowedThingDefs>
				</filter>
				<count>50</count>
			</li>
		</ingredients>
		<fixedIngredientFilter>
			<categories>
				<li>PlantFoodRaw</li>
			</categories>
			<disallowedThingDefs>
				<li>RawFungus</li>
				<li>RawAgave</li>
				<li>RawBerries</li>
			</disallowedThingDefs>
		</fixedIngredientFilter>
		<defaultIngredientFilter>
			<categories>
				<li>PlantFoodRaw</li>
			</categories>
		</defaultIngredientFilter>
		<products>
			<PRPlastic>50</PRPlastic>
		</products>
		<skillRequirements>
			<Crafting>5</Crafting>
		</skillRequirements>
		<workSkill>Crafting</workSkill>
	</RecipeDef>

	<RecipeDef>
		<defName>Make_PRPlastic2</defName>
		<label>produce plastic from chemfuel</label>
		<description>Produce plastic from chemfuel.</description>
		<jobString>Producing Plastic.</jobString>
		<effectWorking>Cremate</effectWorking>
		<soundWorking>Recipe_Cremate</soundWorking>
		<workAmount>2000</workAmount>
		<recipeUsers>
			<li>PRPlastic_Production_Bench</li>
		</recipeUsers>
		<ingredients>
			<li>
				<filter>
					<thingDefs>
						<li>Chemfuel</li>
					</thingDefs>
				</filter>
				<count>35</count>
			</li>
		</ingredients>
		<products>
			<PRPlastic>50</PRPlastic>
		</products>
		<skillRequirements>
			<Crafting>5</Crafting>
		</skillRequirements>
		<workSkill>Crafting</workSkill>
	</RecipeDef>

	<RecipeDef>
		<defName>Make_PRRein_Plastic</defName>
		<label>produce reinforced plastic</label>
		<description>Produce reinforced plastic.</description>
		<jobString>Producing reinforced plastic.</jobString>
		<effectWorking>Cremate</effectWorking>
		<soundWorking>Recipe_Cremate</soundWorking>
		<workAmount>1800</workAmount>
		<recipeUsers>
			<li>PRPlastic_Production_Bench</li>
		</recipeUsers>
		<ingredients>
			<li>
				<filter>
					<thingDefs>
						<li>PRPlastic</li>
					</thingDefs>
				</filter>
				<count>40</count>
			</li>
			<li>
				<filter>
					<thingDefs>
						<li>Steel</li>
					</thingDefs>
				</filter>
				<count>10</count>
			</li>
		</ingredients>
		<products>
			<PRRein_Plastic>50</PRRein_Plastic>
		</products>
		<researchPrerequisite>PRReinforcedPlasticProduction</researchPrerequisite>
		<skillRequirements>
			<Crafting>6</Crafting>
		</skillRequirements>
		<workSkill>Crafting</workSkill>
	</RecipeDef>

	<RecipeDef>
		<defName>Make_PRAdv_Plastic</defName>
		<label>produce advanced plastic</label>
		<description>Produce advanced plastic.</description>
		<jobString>Producing advanced plastic.</jobString>
		<effectWorking>Cremate</effectWorking>
		<soundWorking>Recipe_Cremate</soundWorking>
		<workAmount>2500</workAmount>
		<recipeUsers>
			<li>PRPlastic_Production_Bench</li>
		</recipeUsers>
		<ingredients>
			<li>
				<filter>
					<thingDefs>
						<li>PRPlastic</li>
					</thingDefs>
				</filter>
				<count>40</count>
			</li>
			<li>
				<filter>
					<thingDefs>
						<li>Plasteel</li>
					</thingDefs>
				</filter>
				<count>10</count>
			</li>
		</ingredients>
		<products>
			<PRAdv_Plastic>50</PRAdv_Plastic>
		</products>
		<researchPrerequisite>PRAdvancedPlasticProduction</researchPrerequisite>
		<skillRequirements>
			<Crafting>8</Crafting>
		</skillRequirements>
		<workSkill>Crafting</workSkill>
	</RecipeDef>

	<RecipeDef>
		<defName>Make_PRSynthread</defName>
		<label>produce synthread</label>
		<description>Make synthread from plastic.</description>
		<jobString>Producing synthread.</jobString>
		<effectWorking>Cremate</effectWorking>
		<soundWorking>Recipe_Cremate</soundWorking>
		<workAmount>1200</workAmount>
		<recipeUsers>
			<li>PRPlastic_Production_Bench</li>
		</recipeUsers>
		<ingredients>
			<li>
				<filter>
					<thingDefs>
						<li>PRPlastic</li>
					</thingDefs>
				</filter>
				<count>25</count>
			</li>
		</ingredients>
		<products>
			<Synthread>50</Synthread>
		</products>
		<researchPrerequisite>PRPlasticProduction</researchPrerequisite>
		<skillRequirements>
			<Crafting>5</Crafting>
		</skillRequirements>
		<workSkill>Crafting</workSkill>
	</RecipeDef>

	<RecipeDef>
		<defName>Make_PRSynwool</defName>
		<label>produce synwool</label>
		<description>Make synwool from plastic.</description>
		<jobString>Producing synwool.</jobString>
		<effectWorking>Cremate</effectWorking>
		<soundWorking>Recipe_Cremate</soundWorking>
		<workAmount>1200</workAmount>
		<recipeUsers>
			<li>PRPlastic_Production_Bench</li>
		</recipeUsers>
		<ingredients>
			<li>
				<filter>
					<thingDefs>
						<li>PRPlastic</li>
					</thingDefs>
				</filter>
				<count>25</count>
			</li>
		</ingredients>
		<products>
			<PRSynwool>50</PRSynwool>
		</products>
		<researchPrerequisite>PRPlasticProduction</researchPrerequisite>
		<skillRequirements>
			<Crafting>3</Crafting>
		</skillRequirements>
		<workSkill>Crafting</workSkill>
	</RecipeDef>

	<RecipeDef>
		<defName>Make_PRBall_Synthread</defName>
		<label>produce steelar</label>
		<description>Make steelar from plastic.</description>
		<jobString>Producing steelar.</jobString>
		<effectWorking>Cremate</effectWorking>
		<soundWorking>Recipe_Cremate</soundWorking>
		<workAmount>1800</workAmount>
		<recipeUsers>
			<li>PRPlastic_Production_Bench</li>
		</recipeUsers>
		<ingredients>
			<li>
				<filter>
					<thingDefs>
						<li>PRRein_Plastic</li>
					</thingDefs>
				</filter>
				<count>25</count>
			</li>
		</ingredients>
		<products>
			<PRBall_Synthread>50</PRBall_Synthread>
		</products>
		<researchPrerequisite>PRReinforcedPlasticProduction</researchPrerequisite>
		<skillRequirements>
			<Crafting>7</Crafting>
		</skillRequirements>
		<workSkill>Crafting</workSkill>
	</RecipeDef>

	<RecipeDef>
		<defName>Make_PRHyperweave</defName>
		<label>produce hyperweave</label>
		<description>Make hyperweave from advanced plastic.</description>
		<jobString>Producing hyperweave.</jobString>
		<effectWorking>Cremate</effectWorking>
		<soundWorking>Recipe_Cremate</soundWorking>
		<workAmount>2500</workAmount>
		<recipeUsers>
			<li>PRPlastic_Production_Bench</li>
		</recipeUsers>
		<ingredients>
			<li>
				<filter>
					<thingDefs>
						<li>PRAdv_Plastic</li>
					</thingDefs>
				</filter>
				<count>50</count>
			</li>
			<li>
				<filter>
					<thingDefs>
						<li>Synthread</li>
					</thingDefs>
				</filter>
				<count>25</count>
			</li>
		</ingredients>
		<products>
			<Hyperweave>25</Hyperweave>
		</products>
		<researchPrerequisite>PRAdvancedPlasticProduction</researchPrerequisite>
		<skillRequirements>
			<Crafting>10</Crafting>
		</skillRequirements>
		<workSkill>Crafting</workSkill>
	</RecipeDef>

</Defs>