<?xml version="1.0" encoding="utf-8" ?>
<Defs>

  <ThingDef ParentName="ResourceBase">
    <defName>MAC_Plastic</defName>
    <label>plastic</label>
    <description>A synthetic maleable organic compound.</description>
    <graphicData>
      <texPath>Things/Item/Resource/StoneBlocks</texPath>
      <graphicClass>Graphic_StackCount</graphicClass>
      <color>(245,245,255)</color>
    </graphicData>
    <soundInteract>Wood_Drop</soundInteract>
    <soundDrop>Wood_Drop</soundDrop>
    <statBases>
      <MarketValue>1.5</MarketValue>
      <Mass>0.3</Mass>
      <StuffPower_Armor_Sharp>0.4</StuffPower_Armor_Sharp>
      <StuffPower_Armor_Blunt>0.55</StuffPower_Armor_Blunt>
      <StuffPower_Armor_Heat>0.8</StuffPower_Armor_Heat>
      <StuffPower_Insulation_Cold>4</StuffPower_Insulation_Cold>
      <StuffPower_Insulation_Heat>2</StuffPower_Insulation_Heat>
      <SharpDamageMultiplier>0.35</SharpDamageMultiplier>
      <BluntDamageMultiplier>0.75</BluntDamageMultiplier>
    </statBases>
    <useHitPoints>false</useHitPoints>
    <thingCategories>
      <li>MAC_Plastics</li>
    </thingCategories>
    <stuffProps>
      <categories>
        <li>MAC_Plastic</li>
      </categories>
      <commonality>0.90</commonality>
      <constructEffect>ConstructWood</constructEffect>
      <color>(245,245,255)</color>
      <soundImpactStuff>BulletImpact_Wood</soundImpactStuff>
      <soundMeleeHitSharp>MeleeHit_Wood</soundMeleeHitSharp>
      <soundMeleeHitBlunt>MeleeHit_Wood</soundMeleeHitBlunt>
      <statFactors>
        <MaxHitPoints>0.4</MaxHitPoints>
        <Beauty>1</Beauty>
        <Flammability>0.7</Flammability>
                <WorkToMake>0.6</WorkToMake>
	      <WorkToBuild>0.6</WorkToBuild>
                <DoorOpenSpeed>1.3</DoorOpenSpeed>
      </statFactors>
    </stuffProps>
  </ThingDef>

  <ThingDef ParentName="ResourceBase">
    <defName>MAC_Rein_Plastic</defName>
    <label>reinforced plastic</label>
    <description>Plastic reinforced with steel particles, light and strong.</description>
    <graphicData>
      <texPath>Things/Item/Resource/StoneBlocks</texPath>
      <graphicClass>Graphic_StackCount</graphicClass>
      <color>(200,200,210)</color>
    </graphicData>
    <soundInteract>Wood_Drop</soundInteract>
    <soundDrop>Wood_Drop</soundDrop>
    <statBases>
      <MarketValue>1.7</MarketValue>
      <Mass>0.35</Mass>
      <StuffPower_Armor_Sharp>0.7</StuffPower_Armor_Sharp>
      <StuffPower_Armor_Blunt>0.6</StuffPower_Armor_Blunt>
      <StuffPower_Armor_Heat>0.79</StuffPower_Armor_Heat>
      <StuffPower_Insulation_Cold>4</StuffPower_Insulation_Cold>
      <StuffPower_Insulation_Heat>1</StuffPower_Insulation_Heat>
      <SharpDamageMultiplier>0.50</SharpDamageMultiplier>
      <BluntDamageMultiplier>0.80</BluntDamageMultiplier>
    </statBases>
    <useHitPoints>false</useHitPoints>
    <thingCategories>
      <li>MAC_Plastics</li>
    </thingCategories>
    <stuffProps>
      <categories>
        <li>MAC_Plastic</li>
      </categories>
      <commonality>0.90</commonality>
      <constructEffect>ConstructWood</constructEffect>
      <color>(200,200,210)</color>
      <soundImpactStuff>BulletImpact_Wood</soundImpactStuff>
      <soundMeleeHitSharp>MeleeHit_Wood</soundMeleeHitSharp>
      <soundMeleeHitBlunt>MeleeHit_Wood</soundMeleeHitBlunt>
      <statFactors>
        <MaxHitPoints>0.5</MaxHitPoints>
        <Beauty>1</Beauty>
        <Flammability>0.6</Flammability>
                <WorkToMake>0.6</WorkToMake>
	      <WorkToBuild>0.6</WorkToBuild>
                <DoorOpenSpeed>1.3</DoorOpenSpeed>
      </statFactors>
    </stuffProps>
  </ThingDef>

  <ThingDef ParentName="ResourceBase">
    <defName>MAC_Adv_Plastic</defName>
    <label>advanced plastic</label>
    <description>An advanced spacer plastic with plasteel particles, very light and very strong.</description>
    <graphicData>
      <texPath>Things/Item/Resource/StoneBlocks</texPath>
      <graphicClass>Graphic_StackCount</graphicClass>
      <color>160,180,190)</color>
    </graphicData>
    <soundInteract>Wood_Drop</soundInteract>
    <soundDrop>Wood_Drop</soundDrop>
    <statBases>
      <MarketValue>2.5</MarketValue>
      <Mass>0.25</Mass>
      <StuffPower_Armor_Sharp>0.95</StuffPower_Armor_Sharp>
      <StuffPower_Armor_Blunt>0.7</StuffPower_Armor_Blunt>
      <StuffPower_Armor_Heat>0.90</StuffPower_Armor_Heat>
      <StuffPower_Insulation_Cold>4</StuffPower_Insulation_Cold>
      <StuffPower_Insulation_Heat>1</StuffPower_Insulation_Heat>
      <SharpDamageMultiplier>0.60</SharpDamageMultiplier>
      <BluntDamageMultiplier>0.82</BluntDamageMultiplier>
    </statBases>
    <useHitPoints>false</useHitPoints>
    <thingCategories>
      <li>MAC_Plastics</li>
    </thingCategories>
    <stuffProps>
      <categories>
        <li>MAC_Plastic</li>
      </categories>
      <commonality>0.2</commonality>
      <constructEffect>ConstructWood</constructEffect>
      <color>(160,180,190)</color>
      <soundImpactStuff>BulletImpact_Wood</soundImpactStuff>
      <soundMeleeHitSharp>MeleeHit_Wood</soundMeleeHitSharp>
      <soundMeleeHitBlunt>MeleeHit_Wood</soundMeleeHitBlunt>
      <statFactors>
        <MaxHitPoints>0.8</MaxHitPoints>
        <Beauty>1</Beauty>
        <Flammability>0.4</Flammability>
                <WorkToMake>0.6</WorkToMake>
	      <WorkToBuild>0.6</WorkToBuild>
                <DoorOpenSpeed>1.3</DoorOpenSpeed>
      </statFactors>
    </stuffProps>
  </ThingDef>

  <ThingDef ParentName="WoolBase">
    <defName>MAC_Synwool</defName>
    <label>synwool</label>
    <description>A synthetic wool produced from plastic. It's not as good as natural wool.</description>
    <graphicData>
      <color>(245,245,255)</color>
    </graphicData>
    <statBases>
      <MaxHitPoints>80</MaxHitPoints>
      <MarketValue>2.5</MarketValue>
      <Mass>0.025</Mass>
      <DeteriorationRate>2.7</DeteriorationRate>
      <StuffPower_Insulation_Cold>26</StuffPower_Insulation_Cold>
      <StuffPower_Insulation_Heat>10</StuffPower_Insulation_Heat>
    </statBases>
    <stuffProps>
      <color>(180,148,109)</color>
    </stuffProps>
  </ThingDef>

  <ThingDef ParentName="ResourceBase">
    <defName>MAC_Ball_Synthread</defName>
    <label>steelar</label>
    <description>Reinforced synthetic fabric that has increased sharp damage resistance, making it potentially bullet proof.</description>
    <graphicData>
      <texPath>Things/Item/Resource/Synthread</texPath>
      <graphicClass>Graphic_StackCount</graphicClass>
      <color>(174,219,228)</color>
    </graphicData>
    <statBases>
      <MaxHitPoints>155</MaxHitPoints>
      <MarketValue>4.5</MarketValue>
      <Mass>0.030</Mass>
      <Flammability>0.65</Flammability>
      <DeteriorationRate>3</DeteriorationRate>
      <StuffPower_Armor_Sharp>1.50</StuffPower_Armor_Sharp>
      <StuffPower_Armor_Blunt>0.35</StuffPower_Armor_Blunt>
      <StuffPower_Armor_Heat>140</StuffPower_Armor_Heat>
      <StuffPower_Insulation_Cold>23</StuffPower_Insulation_Cold>
      <StuffPower_Insulation_Heat>23</StuffPower_Insulation_Heat>
    </statBases>
    <stuffProps>
      <categories>
        <li>Fabric</li>
      </categories>
      <commonality>0.13</commonality>
      <color>(174,219,228)</color>
      <statFactors>
        <Flammability>0.6</Flammability>
        <MaxHitPoints>1.8</MaxHitPoints>
      </statFactors>
    </stuffProps>
    <thingCategories>
      <li>Textiles</li>
    </thingCategories>
  </ThingDef>

</Defs>