<?xml version="1.0" encoding="utf-8" ?>
<Patch>
	<Operation Class="PatchOperationAdd">
	  <xpath>Defs/ThingDef[@Name="TableBase"
			  or @Name="SansComfortBedBase"
			  or @Name="OutfitStandBase"
			  or @Name="ShelfBase"
			  or defName="ToyBox"
			  or defName="Blackboard"
			  or defName="SchoolDesk"
			  or defName="BabyDecoration"
			  or defName="AnimalSleepingBox"
			  or defName="Stool"
			  or defName="DiningChair"
			  or defName="PlantPot"
			  or defName="Dresser"
			  or defName="Throne"
			  or defName="PlantPot_Bonsai"]/stuffCategories</xpath>
		<value>
			<li>PRPlastic</li>
	  	</value>
	</Operation>
</Patch>