<?xml version="1.0" encoding="utf-8" ?>
<Patch>
	<Operation Class="PatchOperationFindMod">
		<mods>
			<li>Combat Extended</li>
		</mods>
		<match Class="PatchOperationSequence">
			<operations>

<!-- ==========  steelar  =========== -->

			<li Class="PatchOperationReplace">
			<xpath>Defs/ThingDef[defName="PRBall_Synthread"]/statBases/StuffPower_Armor_Heat</xpath>
				<value>
					<StuffPower_Armor_Heat>0.5</StuffPower_Armor_Heat>
				</value>
			</li>

<!-- ==========  addins  =========== -->

			<li Class="PatchOperationAdd">
		        <xpath>Defs/ThingDef[defName="Embrasure"
					  or defName="AmmoBench" or defName="CE_BarbedWire"]/stuffCategories</xpath>
				<value>
					<li>PRPlastic</li>
			  	</value>
			</li>

			</operations>
		</match>
	</Operation>
</Patch>