<?xml version="1.0" encoding="utf-8" ?>
<Defs>

  <ThingDef ParentName="PRArmorMachineableBase">
    <defName>PRApparel_PlasticVest</defName>
    <label>plastic vest</label>
    <description>A lighweight plastic vest, protecting the torso.</description>
    <techLevel>Industrial</techLevel>
    <graphicData>
      <texPath>Things/Pawn/Humanlike/Apparel/FlakVest/FlakVest</texPath>
      <graphicClass>Graphic_Single</graphicClass>
      <drawSize>0.90</drawSize>
      <color>(245,245,255)</color>
    </graphicData>
    <recipeMaker>
      <recipeUsers>
        <li>PRPlastic_Production_Bench</li>
      </recipeUsers>
      <researchPrerequisite>PRPlasticProduction</researchPrerequisite>
      <unfinishedThingDef>UnfinishedTechArmor</unfinishedThingDef>
      <skillRequirements>
        <Crafting>4</Crafting>
      </skillRequirements>
    </recipeMaker>
    <costList>
      <PRPlastic>65</PRPlastic>
    </costList>
    <statBases>
      <WorkToMake>5000</WorkToMake>
      <MaxHitPoints>120</MaxHitPoints>
      <Mass>2</Mass>
      <Flammability>0.7</Flammability>
      <ArmorRating_Sharp>0.30</ArmorRating_Sharp>
      <ArmorRating_Blunt>0.22</ArmorRating_Blunt>
      <ArmorRating_Heat>0.26</ArmorRating_Heat>
      <EquipDelay>3</EquipDelay>
    </statBases>
    <equippedStatOffsets>
      <MoveSpeed>-0.01</MoveSpeed>
    </equippedStatOffsets>
    <thingCategories>
      <li>Apparel</li>
    </thingCategories>
    <apparel>
      <bodyPartGroups>
        <li>Torso</li>
        <li>Neck</li>
        <li>Shoulders</li>
      </bodyPartGroups>
      <wornGraphicPath>Things/Pawn/Humanlike/Apparel/FlakVest/FlakVest</wornGraphicPath>
      <layers>
        <li>Middle</li>
      </layers>
      <tags>
        <li>IndustrialMilitaryBasic</li>
      </tags>
      <defaultOutfitTags>
        <li>Soldier</li>
      </defaultOutfitTags>
    </apparel>
  </ThingDef>

  <ThingDef ParentName="PRArmorMachineableBase">
    <defName>PRApparel_Rein_PlasticVest</defName>
    <label>reinforced plastic vest</label>
    <description>A ligh vest made with reinforced plastic and steelar.</description>
    <techLevel>Industrial</techLevel>
    <graphicData>
      <texPath>Things/Pawn/Humanlike/Apparel/FlakVest/FlakVest</texPath>
      <graphicClass>Graphic_Single</graphicClass>
      <drawSize>0.90</drawSize>
      <color>(200,200,210)</color>
    </graphicData>
    <recipeMaker>
      <recipeUsers>
        <li>PRPlastic_Production_Bench</li>
      </recipeUsers>
      <researchPrerequisite>PRReinforcedPlasticProduction</researchPrerequisite>
      <unfinishedThingDef>UnfinishedTechArmor</unfinishedThingDef>
      <skillRequirements>
        <Crafting>5</Crafting>
      </skillRequirements>
    </recipeMaker>
    <costList>
      <PRRein_Plastic>65</PRRein_Plastic>
      <PRBall_Synthread>20</PRBall_Synthread>
    </costList>
    <statBases>
      <WorkToMake>6500</WorkToMake>
      <MaxHitPoints>160</MaxHitPoints>
      <Mass>2.5</Mass>
      <Flammability>0.6</Flammability>
      <ArmorRating_Sharp>0.70</ArmorRating_Sharp>
      <ArmorRating_Blunt>0.35</ArmorRating_Blunt>
      <ArmorRating_Heat>0.32</ArmorRating_Heat>
      <Insulation_Cold>1</Insulation_Cold>
      <EquipDelay>3.2</EquipDelay>
    </statBases>
    <equippedStatOffsets>
      <MoveSpeed>-0.02</MoveSpeed>
    </equippedStatOffsets>
    <thingCategories>
      <li>Apparel</li>
    </thingCategories>
    <apparel>
      <bodyPartGroups>
        <li>Torso</li>
        <li>Neck</li>
        <li>Shoulders</li>
      </bodyPartGroups>
      <wornGraphicPath>Things/Pawn/Humanlike/Apparel/FlakVest/FlakVest</wornGraphicPath>
      <layers>
        <li>Middle</li>
      </layers>
      <tags>
        <li>IndustrialMilitaryAdvanced</li>
      </tags>
      <defaultOutfitTags>
        <li>Soldier</li>
      </defaultOutfitTags>
    </apparel>
  </ThingDef>

  <ThingDef ParentName="PRArmorSmithableBase">
    <defName>PRApparel_Adv_PlasticArmor</defName>
    <label>advanced plastic armor</label>
    <techLevel>Spacer</techLevel>
    <description>Overlapping advanced plastic plates with hyperwave reinforcements covering the entire body from neck to feet.</description>
    <graphicData>
      <texPath>Things/Pawn/Humanlike/Apparel/PlateArmor/PlateArmor</texPath>
      <graphicClass>Graphic_Single</graphicClass>
      <color>(160,180,190)</color>
    </graphicData>
    <recipeMaker>
      <recipeUsers>
        <li>PRPlastic_Production_Bench</li>
      </recipeUsers>
      <unfinishedThingDef>UnfinishedTechArmor</unfinishedThingDef>
      <researchPrerequisite>PRAdvancedPlasticProduction</researchPrerequisite>
      <skillRequirements>
        <Crafting>8</Crafting>
      </skillRequirements>
    </recipeMaker>
    <costList>
      <PRAdv_Plastic>100</PRAdv_Plastic>
      <Hyperweave>30</Hyperweave>
    </costList>
    <statBases>
      <WorkToMake>34000</WorkToMake>
      <MaxHitPoints>300</MaxHitPoints>
      <Mass>13</Mass>
      <Flammability>0.5</Flammability>
      <ArmorRating_Sharp>0.95</ArmorRating_Sharp>
      <ArmorRating_Blunt>0.47</ArmorRating_Blunt>
      <ArmorRating_Heat>0.62</ArmorRating_Heat>
      <Insulation_Cold>25</Insulation_Cold>
      <Insulation_Heat>9</Insulation_Heat>
      <EquipDelay>13</EquipDelay>
    </statBases>
    <equippedStatOffsets>
      <MoveSpeed>-0.3</MoveSpeed>
    </equippedStatOffsets>
    <thingCategories>
      <li>Apparel</li>
    </thingCategories>
    <apparel>
      <bodyPartGroups>
        <li>Torso</li>
        <li>Neck</li>
        <li>Shoulders</li>
        <li>Arms</li>
        <li>Legs</li>
      </bodyPartGroups>
      <wornGraphicPath>Things/Pawn/Humanlike/Apparel/PlateArmor/PlateArmor</wornGraphicPath>
      <layers>
        <li>Middle</li>
        <li>Shell</li>
      </layers>
      <tags>
        <li>IndustrialMilitaryAdvanced</li>
      </tags>
      <defaultOutfitTags>
        <li>Soldier</li>
      </defaultOutfitTags>
    </apparel>
  </ThingDef>

</Defs>