<?xml version="1.0" encoding="utf-8" ?>
<Defs>

  <ThingDef Name="PRArmorSmithableBase" ParentName="ApparelBase" Abstract="True">
    <recipeMaker>
      <workSpeedStat>GeneralLaborSpeed</workSpeedStat>
      <workSkill>Crafting</workSkill>
      <effectWorking>Smith</effectWorking>
      <soundWorking>Recipe_Smith</soundWorking>
    <defaultIngredientFilter>
        <categories>
          <li>Root</li>
        </categories>
      </defaultIngredientFilter>
    </recipeMaker>
  </ThingDef>

  <ThingDef Name="PRArmorMachineableBase" ParentName="ApparelBase" Abstract="True">
    <recipeMaker>
      <workSpeedStat>GeneralLaborSpeed</workSpeedStat>
      <workSkill>Crafting</workSkill>
      <effectWorking>Smith</effectWorking>
      <soundWorking>Recipe_Machining</soundWorking>
      <defaultIngredientFilter>
        <categories>
          <li>Root</li>
        </categories>
      </defaultIngredientFilter>
     </recipeMaker>
  </ThingDef>

  <ThingDef Name="PRArmorHelmetMakeableBase" ParentName="PRArmorMachineableBase" Abstract="True">
    <thingCategories>
      <li>Headgear</li>
    </thingCategories>
  </ThingDef>

</Defs>