<?xml version="1.0" encoding="utf-8" ?>
<Defs>

  <ThingDef ParentName="PRArmorHelmetMakeableBase">
    <defName>PRApparel_PlasticHelmet</defName>
    <label>plastic helmet</label>
    <description>A lightweight plastic protective helmet.</description>
    <techLevel>Industrial</techLevel>
    <graphicData>
      <texPath>Things/Pawn/Humanlike/Apparel/AdvancedHelmet/AdvancedHelmet</texPath>
      <graphicClass>Graphic_Single</graphicClass>
      <color>(245,245,255)</color>
    </graphicData>
    <recipeMaker>
      <recipeUsers>
        <li>PRPlastic_Production_Bench</li>
      </recipeUsers>
      <researchPrerequisite>PRPlasticProduction</researchPrerequisite>
      <unfinishedThingDef>UnfinishedTechArmor</unfinishedThingDef>
      <skillRequirements>
        <Crafting>4</Crafting>
      </skillRequirements>
    </recipeMaker>
    <costList>
      <PRPlastic>40</PRPlastic>
    </costList>
    <statBases>
      <WorkToMake>1600</WorkToMake>
      <MaxHitPoints>80</MaxHitPoints>
      <Mass>0.8</Mass>
      <ArmorRating_Sharp>0.2</ArmorRating_Sharp>
      <ArmorRating_Blunt>0.2</ArmorRating_Blunt>
      <ArmorRating_Heat>0.4</ArmorRating_Heat>
      <Insulation_Cold>0</Insulation_Cold>
      <Insulation_Heat>1</Insulation_Heat>
      <EquipDelay>2.0</EquipDelay>
    </statBases>
    <apparel>
      <bodyPartGroups>
        <li>UpperHead</li>
      </bodyPartGroups>
      <wornGraphicPath>Things/Pawn/Humanlike/Apparel/AdvancedHelmet/AdvancedHelmet</wornGraphicPath>
      <layers>
        <li>Overhead</li>
      </layers>
      <tags>
        <li>IndustrialMilitaryBasic</li>
      </tags>
      <defaultOutfitTags>
        <li>Soldier</li>
      </defaultOutfitTags>
    </apparel>
   </ThingDef>

  <ThingDef ParentName="PRArmorHelmetMakeableBase">
    <defName>PRApparel_Rein_PlasticHelmet</defName>
    <label>reinforced plastic helmet</label>
    <description>A ligh helmet made of reinforced plastic and steelar.</description>
    <techLevel>Industrial</techLevel>
    <graphicData>
      <texPath>Things/Pawn/Humanlike/Apparel/AdvancedHelmet/AdvancedHelmet</texPath>
      <graphicClass>Graphic_Single</graphicClass>
      <color>(200,200,210)</color>
    </graphicData>
    <recipeMaker>
      <recipeUsers>
        <li>PRPlastic_Production_Bench</li>
      </recipeUsers>
      <researchPrerequisite>PRReinforcedPlasticProduction</researchPrerequisite>
      <unfinishedThingDef>UnfinishedTechArmor</unfinishedThingDef>
      <skillRequirements>
        <Crafting>5</Crafting>
      </skillRequirements>
    </recipeMaker>
    <costList>
      <PRRein_Plastic>40</PRRein_Plastic>
      <PRBall_Synthread>10</PRBall_Synthread>
    </costList>
    <statBases>
      <WorkToMake>2500</WorkToMake>
      <MaxHitPoints>100</MaxHitPoints>
      <Mass>1</Mass>
      <Flammability>0.6</Flammability>
      <ArmorRating_Sharp>0.5</ArmorRating_Sharp>
      <ArmorRating_Blunt>0.28</ArmorRating_Blunt>
      <ArmorRating_Heat>0.5</ArmorRating_Heat>
      <Insulation_Cold>1</Insulation_Cold>
      <Insulation_Heat>2</Insulation_Heat>
      <EquipDelay>2.2</EquipDelay>
    </statBases>
    <apparel>
      <bodyPartGroups>
        <li>UpperHead</li>
      </bodyPartGroups>
      <wornGraphicPath>Things/Pawn/Humanlike/Apparel/AdvancedHelmet/AdvancedHelmet</wornGraphicPath>
      <layers>
        <li>Overhead</li>
      </layers>
      <tags>
        <li>IndustrialMilitaryAdvanced</li>
      </tags>
      <defaultOutfitTags>
        <li>Soldier</li>
      </defaultOutfitTags>
    </apparel>
   </ThingDef>

  <ThingDef ParentName="PRArmorHelmetMakeableBase">
    <defName>PRApparel_Plastic_FullHelmet</defName>
    <label>advanced plastic full helmet</label>
    <description>An spacer full helmet made of advanced plastic and hyperwave.</description>
    <techLevel>Spacer</techLevel>
    <graphicData>
      <texPath>Things/Pawn/Humanlike/Apparel/PowerArmorHelmet/PowerArmorHelmet</texPath>
      <graphicClass>Graphic_Single</graphicClass>
      <color>(160,180,190)</color>
    </graphicData>
    <recipeMaker>
      <recipeUsers>
        <li>PRPlastic_Production_Bench</li>
      </recipeUsers>
      <researchPrerequisite>PRAdvancedPlasticProduction</researchPrerequisite>
      <unfinishedThingDef>UnfinishedMetallicTechArmor</unfinishedThingDef>
      <skillRequirements>
        <Crafting>7</Crafting>
      </skillRequirements>
    </recipeMaker>
    <costList>
      <PRAdv_Plastic>60</PRAdv_Plastic>
      <Hyperweave>15</Hyperweave>
    </costList>
    <statBases>
      <WorkToMake>10000</WorkToMake>
      <MaxHitPoints>140</MaxHitPoints>
      <Mass>2</Mass>
      <Flammability>0.4</Flammability>
      <ArmorRating_Sharp>0.80</ArmorRating_Sharp>
      <ArmorRating_Blunt>0.40</ArmorRating_Blunt>
      <ArmorRating_Heat>1.1</ArmorRating_Heat>
      <Insulation_Cold>3</Insulation_Cold>
      <Insulation_Heat>2</Insulation_Heat>
      <EquipDelay>3</EquipDelay>
    </statBases>
    <apparel>
      <bodyPartGroups>
        <li>FullHead</li>
      </bodyPartGroups>
      <wornGraphicPath>Things/Pawn/Humanlike/Apparel/PowerArmorHelmet/PowerArmorHelmet</wornGraphicPath>
      <layers>
        <li>Overhead</li>
      </layers>
      <tags>
        <li>SpacerMilitary</li>
      </tags>
      <defaultOutfitTags>
        <li>Soldier</li>
      </defaultOutfitTags>
    </apparel>
  </ThingDef>

</Defs>