<?xml version="1.0" encoding="utf-8" ?>
<Defs>

  <ThingDef ParentName="BenchBase">
    <defName>PRPlastic_Production_Bench</defName>
    <label>plastic production bench</label>
    <description>An integrated bench that produces plastic and plastic related materials.</description>
    <thingClass>Building_WorkTable</thingClass>
    <graphicData>
      <texPath>Things/Building/Production/FabricationBench</texPath>
      <graphicClass>Graphic_Multi</graphicClass>
      <drawSize>(4,2)</drawSize>
      <damageData>
        <cornerTL>Damage/Corner</cornerTL>
        <cornerTR>Damage/Corner</cornerTR>
        <cornerBL>Damage/Corner</cornerBL>
        <cornerBR>Damage/Corner</cornerBR>
      </damageData>
    </graphicData>
    <castEdgeShadows>true</castEdgeShadows>
    <staticSunShadowHeight>0.20</staticSunShadowHeight>
    <costList>
      <Steel>130</Steel>
      <ComponentIndustrial>8</ComponentIndustrial>
    </costList>
    <altitudeLayer>Building</altitudeLayer>
    <fillPercent>0.5</fillPercent>
    <useHitPoints>True</useHitPoints>
    <statBases>
      <WorkToBuild>3200</WorkToBuild>
      <MaxHitPoints>150</MaxHitPoints>
      <Flammability>1.1</Flammability>
      <Cleanliness>-1</Cleanliness>
    </statBases>
    <size>(3,1)</size>
    <designationCategory>Production</designationCategory>
    <passability>PassThroughOnly</passability>
    <pathCost>70</pathCost>
    <hasInteractionCell>True</hasInteractionCell>
    <interactionCellOffset>(0,0,-1)</interactionCellOffset>
    <surfaceType>Item</surfaceType>
    <constructionSkillPrerequisite>4</constructionSkillPrerequisite>
    <inspectorTabs>
      <li>ITab_Bills</li>
    </inspectorTabs>
    <comps>
      <li Class="CompProperties_Power">
        <compClass>CompPowerTrader</compClass>
        <shortCircuitInRain>true</shortCircuitInRain>
        <basePowerConsumption>150</basePowerConsumption>
      </li>
      <li Class="CompProperties_Flickable"/>
      <li Class="CompProperties_AffectedByFacilities">
        <linkableFacilities>
          <li>ToolCabinet</li>
        </linkableFacilities>
      </li>
      <li Class="CompProperties_Breakdownable"/>
    </comps>
    <building>
      <spawnedConceptLearnOpportunity>BillsTab</spawnedConceptLearnOpportunity>
    </building>
    <constructEffect>ConstructMetal</constructEffect>
    <researchPrerequisites>
      <li>PRPlasticProduction</li>
    </researchPrerequisites>
    <placeWorkers>
      <li>PlaceWorker_ShowFacilitiesConnections</li>
    </placeWorkers>
  </ThingDef>

</Defs>