<?xml version="1.0" encoding="utf-8" ?>
<Defs>

  <ThingDef ParentName="PlantBase">
    <defName>PRPlant_Wollon</defName>
    <label>wollon plant</label>
    <description>Cotton plant genetically engineered to produce synthetic wool.</description>
    <statBases>
      <MaxHitPoints>85</MaxHitPoints>
      <Nutrition>0.2</Nutrition>
    </statBases>
    <graphicData>
      <texPath>Things/Plant/CottonPlant</texPath>
      <graphicClass>Graphic_Random</graphicClass>
    </graphicData>
    <selectable>true</selectable>
    <pathCost>10</pathCost>
    <ingestible />
    <plant>
			<growDays>12</growDays>
			<dieIfLeafless>true</dieIfLeafless>
      <harvestTag>Standard</harvestTag>
      <harvestedThingDef>PRSynwool</harvestedThingDef>
      <harvestYield>10</harvestYield>
      <sowTags>
        <li>Ground</li>
        <li>Hydroponic</li>
      </sowTags>
      <sowResearchPrerequisites>
        <li>PRPlasticProduction</li>
      </sowResearchPrerequisites>
      <topWindExposure>0.1</topWindExposure>
      <immatureGraphicPath>Things/Plant/CottonPlant_Immature</immatureGraphicPath>
      <visualSizeRange>0.3~1.05</visualSizeRange>
      <wildOrder>2</wildOrder>
    </plant>
  </ThingDef>

</Defs>