<?xml version="1.0" encoding="utf-8" ?>
<Patch>
	<Operation Class="PatchOperationFindMod">
		<mods>
			<li>Dubs Bad Hygiene</li>
		</mods>
		<match Class="PatchOperationSequence">
			<operations>

			<li Class="PatchOperationAdd">
		        <xpath>Defs/ThingDef[defName="DBHSwimmingPool"
					  or defName="HotTub"
					  or defName="DBHSaunaSeating"
					  or defName="sewagePipeStuff"
					  or defName="ToiletStallDoor"
					  or defName="PitLatrine"
					  or defName="PrimitiveWell"
					  or defName="WashBucket"
					  or defName="LitterBox"
					  or defName="BasinStuff"
					  or defName="Fountain"
					  or defName="KitchenSink"
					  or defName="ToiletStuff"
					  or defName="ToiletAdvStuff"
					  or defName="BathtubStuff"
					  or defName="ShowerStuff"
					  or defName="ShowerAdvStuff"
					  or defName="WaterButt"
					  or defName="WaterTowerS"
					  or defName="WindPump"
					  or defName="SewageOutlet"
					  or defName="SewageSepticTank"]/stuffCategories</xpath>
				<value>
					<li>PRPlastic</li>
			  	</value>
			</li>

			</operations>
		</match>
	</Operation>
</Patch>