<?xml version="1.0" encoding="utf-8" ?>
<Defs>

  <ThingDef ParentName="BenchBase">
    <defName>MAC_Plastic_Production_Bench</defName>
    <label>plastic production bench</label>
    <description>An integrated bench that produces plastic and plastic related materials.</description>
    <thingClass>Building_WorkTable</thingClass>
    <graphicData>
      <texPath>Things/Building/Production/FabricationBench</texPath>
      <graphicClass>Graphic_Multi</graphicClass>
      <drawSize>(4,2)</drawSize>
      <damageData>
        <cornerTL>Damage/Corner</cornerTL>
        <cornerTR>Damage/Corner</cornerTR>
        <cornerBL>Damage/Corner</cornerBL>
        <cornerBR>Damage/Corner</cornerBR>
      </damageData>
    </graphicData>
    <castEdgeShadows>true</castEdgeShadows>
    <staticSunShadowHeight>0.20</staticSunShadowHeight>
    <costList>
      <Steel>130</Steel>
      <ComponentIndustrial>8</ComponentIndustrial>
    </costList>
    <altitudeLayer>Building</altitudeLayer>
    <fillPercent>0.5</fillPercent>
    <useHitPoints>True</useHitPoints>
    <statBases>
      <WorkToBuild>3200</WorkToBuild>
      <MaxHitPoints>150</MaxHitPoints>
      <Flammability>1.1</Flammability>
      <Cleanliness>-1</Cleanliness>
    </statBases>
    <size>(3,1)</size>
    <designationCategory>Production</designationCategory>
    <passability>PassThroughOnly</passability>
    <pathCost>70</pathCost>
    <hasInteractionCell>True</hasInteractionCell>
    <interactionCellOffset>(0,0,-1)</interactionCellOffset>
    <surfaceType>Item</surfaceType>
    <constructionSkillPrerequisite>4</constructionSkillPrerequisite>
    <inspectorTabs>
      <li>ITab_Bills</li>
    </inspectorTabs>
    <comps>
      <li Class="CompProperties_Power">
        <compClass>CompPowerTrader</compClass>
        <shortCircuitInRain>true</shortCircuitInRain>
        <basePowerConsumption>150</basePowerConsumption>
      </li>
      <li Class="CompProperties_Flickable"/>
      <li Class="CompProperties_AffectedByFacilities">
        <linkableFacilities>
          <li>ToolCabinet</li>
        </linkableFacilities>
      </li>
      <li Class="CompProperties_Breakdownable"/>
    </comps>
    <building>
      <spawnedConceptLearnOpportunity>BillsTab</spawnedConceptLearnOpportunity>
    </building>
    <constructEffect>ConstructMetal</constructEffect>
    <researchPrerequisites>
      <li>MAC_PlasticProduction</li>
    </researchPrerequisites>
    <placeWorkers>
      <li>PlaceWorker_ShowFacilitiesConnections</li>
    </placeWorkers>
  </ThingDef>
  
   <ThingDef ParentName="BuildingBase">
    <defName>PlasticHydroponicsBasin</defName>
    <label>hydroponics basin</label>
    <description>An artificial nutrient bath for growing plants. The nutrients pumps must work continuously; the plants will die if power is cut.</description>
    <thingClass>Building_PlantGrower</thingClass>
    <graphicData>
      <texPath>Things/Building/Production/PlasticHydroponicsBasin</texPath>
      <graphicClass>Graphic_Multi</graphicClass>
      <drawSize>(1,4)</drawSize>
      <damageData>
        <cornerTL>Damage/Corner</cornerTL>
        <cornerTR>Damage/Corner</cornerTR>
        <cornerBL>Damage/Corner</cornerBL>
        <cornerBR>Damage/Corner</cornerBR>
      </damageData>
    </graphicData>
    <castEdgeShadows>true</castEdgeShadows>
    <altitudeLayer>LowPlant</altitudeLayer>
    <defaultPlacingRot>East</defaultPlacingRot>
    <passability>PassThroughOnly</passability>
    <pathCost>30</pathCost>
    <fillPercent>0.30</fillPercent>
    <canOverlapZones>false</canOverlapZones>
    <constructionSkillPrerequisite>4</constructionSkillPrerequisite>
    <statBases>
      <WorkToBuild>2500</WorkToBuild>
      <MaxHitPoints>110</MaxHitPoints>
      <Flammability>0.8</Flammability>
      <Cleanliness>-3</Cleanliness>
    </statBases>
    <size>(1,4)</size>
	<stuffCategories>
		<li>MAC_Plastic</li>
	</stuffCategories>
	<costStuffCount>115</costStuffCount>
    <costList>
      <Steel>30</Steel>
      <ComponentIndustrial>1</ComponentIndustrial>
    </costList>
    <fertility>2.8</fertility>
    <building>
      <defaultPlantToGrow>Plant_Rice</defaultPlantToGrow>
      <sowTag>Hydroponic</sowTag>
      <buildingTags>
        <li>Production</li>
      </buildingTags>
    </building>
    <tickerType>Rare</tickerType>
    <comps>
      <li Class="CompProperties_Forbiddable"/>
      <li Class="CompProperties_Power">
        <compClass>CompPowerTrader</compClass>
        <basePowerConsumption>70</basePowerConsumption>
      </li>
      <li Class="CompProperties_Flickable"/>
    </comps>
    <researchPrerequisites>
      <li>Hydroponics</li>
    </researchPrerequisites>
    <terrainAffordanceNeeded>Medium</terrainAffordanceNeeded>
    <designationCategory>Production</designationCategory>
  </ThingDef>

</Defs>