<?xml version="1.0" encoding="utf-8" ?>
<Defs>

  <ResearchProjectDef>
    <defName>PRPlasticProduction</defName>
    <label>plastic production</label>
    <description>Production of plastic materials.</description>
    <baseCost>1200</baseCost>
    <techLevel>Industrial</techLevel>
    <prerequisites>
      <li>Electricity</li>
    </prerequisites>
  </ResearchProjectDef>

  <ResearchProjectDef>
    <defName>PRReinforcedPlasticProduction</defName>
    <label>reinforced plastic production</label>
    <description>Produce reinforced plastic materials.</description>
    <baseCost>1500</baseCost>
    <techLevel>Industrial</techLevel>
    <prerequisites>
      <li>PRPlasticProduction</li>
    </prerequisites>
  </ResearchProjectDef>

  <ResearchProjectDef>
    <defName>PRAdvancedPlasticProduction</defName>
    <label>advanced plastic production</label>
    <description>Produce advanced plastic materials.</description>
    <baseCost>2000</baseCost>
    <techLevel>Spacer</techLevel>
    <prerequisites>
      <li>PRReinforcedPlasticProduction</li>
    </prerequisites>
    <requiredResearchBuilding>HiTechResearchBench</requiredResearchBuilding>
    <requiredResearchFacilities>
      <li>MultiAnalyzer</li>
    </requiredResearchFacilities>
  </ResearchProjectDef>

</Defs>