<?xml version="1.0" encoding="utf-8" ?>
<Defs>

  <TerrainDef ParentName="FloorBase">
    <defName>PRPlasticTile</defName>
    <label>plastic tile</label>
    <renderPrecedence>240</renderPrecedence>
    <description>Plastic tiles are pretty and the smooth tile surface gets a bonus to cleanliness.</description>
    <texturePath>Terrain/Surfaces/GenericFloorTile</texturePath>
    <statBases>
      <WorkToBuild>700</WorkToBuild>
			<Beauty>1</Beauty>
      <Cleanliness>0.2</Cleanliness>
    </statBases>
    <costList>
      <PRPlastic>5</PRPlastic>
    </costList>
    <constructEffect>ConstructMetal</constructEffect>
    <researchPrerequisites>
      <li>PRPlasticProduction</li>
    </researchPrerequisites>
    <constructionSkillPrerequisite>2</constructionSkillPrerequisite>
  </TerrainDef>

</Defs>